"","month","mean","min","max"
"1",187701,21.4838709677419,0,193
"2",187702,11.2857142857143,0,163
"3",187703,45.6774193548387,0,356
"4",187704,23.1333333333333,0,163
"5",187705,7.80645161290323,0,66
"6",187706,23.7333333333333,0,338
"7",187707,46.9677419354839,0,739
"8",187708,22.7096774193548,0,216
"9",187709,11.2666666666667,0,145
"10",187710,66.741935483871,0,1029
"11",187711,47.6666666666667,0,234
"12",187712,5.58064516129032,0,140
"13",187801,36.6129032258064,0,287
"14",187802,34.0357142857143,0,607
"15",187803,26.8387096774194,0,249
"16",187804,16.7333333333333,0,150
"17",187805,26.1290322580645,0,302
"18",187806,26.0666666666667,0,305
"19",187807,37.8387096774194,0,414
"20",187808,65.3548387096774,0,841
"21",187809,34.3,0,622
"22",187810,19.9354838709677,0,244
"23",187811,40.0666666666667,0,516
"24",187812,42.0967741935484,0,411
"25",187901,21.5806451612903,0,292
"26",187902,18.3214285714286,0,112
"27",187903,27.9677419354839,0,170
"28",187904,36.6666666666667,0,333
"29",187905,16.5483870967742,0,320
"30",187906,26.6333333333333,0,264
"31",187907,29.3225806451613,0,262
"32",187908,65.1612903225806,0,1003
"33",187909,20.0666666666667,0,282
"34",187910,3.54838709677419,0,66
"35",187911,18.6666666666667,0,155
"36",187912,40.5483870967742,0,366
"37",188001,16.5806451612903,0,152
"38",188002,18.5862068965517,0,183
"39",188003,38.1935483870968,0,345
"40",188004,24.5333333333333,0,213
"41",188005,5.06451612903226,0,71
"42",188006,9.66666666666667,0,84
"43",188007,69.9032258064516,0,472
"44",188008,43.0967741935484,0,297
"45",188009,15.7,0,170
"46",188010,23.0645161290323,0,300
"47",188011,20.8333333333333,0,206
"48",188012,18.6451612903226,0,229
"49",188101,39.3548387096774,0,437
"50",188102,44.7142857142857,0,376
"51",188103,47.5483870967742,0,556
"52",188104,8.06666666666667,0,137
"53",188105,26.258064516129,0,318
"54",188106,45.3,0,526
"55",188107,10.258064516129,0,203
"56",188108,7.09677419354839,0,188
"57",188109,8.2,0,157
"58",188110,13.1290322580645,0,94
"59",188111,20.0333333333333,0,165
"60",188112,34.3225806451613,0,175
"61",188201,41.6129032258064,0,211
"62",188202,31.1428571428571,0,213
"63",188203,20.741935483871,0,251
"64",188204,13.9,0,114
"65",188205,34.3870967741936,0,284
"66",188206,21.3333333333333,0,203
"67",188207,26.2903225806452,0,358
"68",188208,9.35483870967742,0,152
"69",188209,142.733333333333,0,2103
"70",188210,12.3870967741935,0,107
"71",188211,10.5333333333333,0,97
"72",188212,16.0322580645161,0,130
"73",188301,22,0,175
"74",188302,38.2142857142857,0,333
"75",188303,12.2258064516129,0,137
"76",188304,31.4333333333333,0,224
"77",188305,23.1935483870968,0,493
"78",188306,28.1333333333333,0,226
"79",188307,26.3225806451613,0,257
"80",188308,14.9354838709677,0,323
"81",188309,27.4666666666667,0,279
"82",188310,37.0967741935484,0,251
"83",188311,12.9,0,188
"84",188312,26.2903225806452,0,203
"85",188401,42.7741935483871,0,307
"86",188402,43.1034482758621,0,267
"87",188403,37.9032258064516,0,267
"88",188404,23.8333333333333,0,203
"89",188405,30.6451612903226,0,320
"90",188406,42.1666666666667,0,1090
"91",188407,38.8709677419355,0,267
"92",188408,64.7741935483871,0,465
"93",188409,1.76666666666667,0,30
"94",188410,30.7096774193548,0,264
"95",188411,26.9333333333333,0,267
"96",188412,50.5806451612903,0,493
"97",188501,25.1290322580645,0,244
"98",188502,41.4285714285714,0,442
"99",188503,7.45161290322581,0,74
"100",188504,18.6333333333333,0,191
"101",188505,15.258064516129,0,137
"102",188506,11.2,0,112
"103",188507,29.4193548387097,0,305
"104",188508,46.4838709677419,0,620
"105",188509,3.46666666666667,0,43
"106",188510,42.4193548387097,0,381
"107",188511,35.3333333333333,0,335
"108",188512,20.1935483870968,0,295
"109",188601,32.0967741935484,0,254
"110",188602,44.3214285714286,0,696
"111",188603,23.1935483870968,0,234
"112",188604,32.6,0,640
"113",188605,44.258064516129,0,592
"114",188606,28.3666666666667,0,305
"115",188607,22.5806451612903,0,178
"116",188608,7.80645161290323,0,168
"117",188609,9.9,0,117
"118",188610,25.1290322580645,0,411
"119",188611,37.4333333333333,0,229
"120",188612,22.9032258064516,0,290
"121",188701,36.2258064516129,0,259
"122",188702,54.0357142857143,0,467
"123",188703,25.1935483870968,0,330
"124",188704,23.6333333333333,0,249
"125",188705,2.83870967741935,0,41
"126",188706,65.7333333333333,0,660
"127",188707,43.3870967741936,0,432
"128",188708,29.3870967741935,0,406
"129",188709,16.3666666666667,0,191
"130",188710,20,0,272
"131",188711,17.1333333333333,0,155
"132",188712,35.9677419354839,0,300
"133",188801,40.6774193548387,0,521
"134",188802,30.5862068965517,0,396
"135",188803,37.8387096774194,0,368
"136",188804,24.4333333333333,0,282
"137",188805,46.0322580645161,0,414
"138",188806,22.0333333333333,0,262
"139",188807,12.5483870967742,0,178
"140",188808,62.7741935483871,0,1064
"141",188809,69.0666666666667,0,424
"142",188810,35.5483870967742,0,521
"143",188811,34.2333333333333,0,366
"144",188812,28.0322580645161,0,579
"145",188901,40.741935483871,0,345
"146",188902,20.1071428571429,0,297
"147",188903,21.6129032258065,0,254
"148",188904,46.3666666666667,0,478
"149",188905,23.7096774193548,0,198
"150",188906,20.2333333333333,0,188
"151",188907,97.4193548387097,0,673
"152",188908,35,0,432
"153",188909,58.6,0,480
"154",188910,21.4193548387097,0,175
"155",188911,84.7,0,927
"156",188912,15.7096774193548,0,188
"157",189001,18.8387096774194,0,320
"158",189002,31,0,231
"159",189003,45.0645161290323,0,290
"160",189004,15.7,0,142
"161",189005,28.2903225806452,0,114
"162",189006,39.5333333333333,0,391
"163",189007,36.8064516129032,0,358
"164",189008,35.8387096774194,0,206
"165",189009,39.2333333333333,0,411
"166",189010,53.8064516129032,0,394
"167",189011,6.03333333333333,0,84
"168",189012,30.3548387096774,0,475
"169",189101,49.1935483870968,0,333
"170",189102,37.3928571428571,0,198
"171",189103,29.5806451612903,0,206
"172",189104,20.1666666666667,0,196
"173",189105,20.0645161290323,0,221
"174",189106,12.5333333333333,0,142
"175",189107,32.3225806451613,0,201
"176",189108,37,0,485
"177",189109,21.1,0,343
"178",189110,21.3225806451613,0,208
"179",189111,19.4666666666667,0,180
"180",189112,29.0967741935484,0,203
"181",189201,38.4516129032258,0,366
"182",189202,8.24137931034483,0,81
"183",189203,28.6129032258065,0,315
"184",189204,17.1333333333333,0,193
"185",189205,34.5806451612903,0,231
"186",189206,23.5666666666667,0,241
"187",189207,26.3225806451613,0,409
"188",189208,34.0322580645161,0,198
"189",189209,9,0,193
"190",189210,4.80645161290323,0,53
"191",189211,60.4666666666667,0,617
"192",189212,10.7096774193548,0,117
"193",189301,19.0322580645161,0,335
"194",189302,55.7142857142857,0,409
"195",189303,29.0322580645161,0,432
"196",189304,43.9666666666667,0,498
"197",189305,39.1290322580645,0,513
"198",189306,21.9333333333333,0,282
"199",189307,9.25806451612903,0,114
"200",189308,71.4193548387097,0,917
"201",189309,16.2666666666667,0,165
"202",189310,43.4516129032258,0,625
"203",189311,30.0666666666667,0,366
"204",189312,25.2903225806452,0,302
"205",189401,16.4838709677419,0,137
"206",189402,35.6785714285714,0,234
"207",189403,11.1290322580645,0,89
"208",189404,18.6,0,224
"209",189405,30.5483870967742,0,203
"210",189406,8.33333333333333,0,84
"211",189407,18.1612903225806,0,318
"212",189408,9.54838709677419,0,142
"213",189409,73.5,0,1092
"214",189410,44,0,429
"215",189411,35.1,0,406
"216",189412,38.1612903225806,0,386
"217",189501,41.0967741935484,0,495
"218",189502,4.17857142857143,0,43
"219",189503,18.5483870967742,0,140
"220",189504,28.0333333333333,0,409
"221",189505,16.6129032258065,0,290
"222",189506,20.9,0,213
"223",189507,37.1935483870968,0,305
"224",189508,34.0967741935484,0,277
"225",189509,5.23333333333333,0,53
"226",189510,34.4838709677419,0,419
"227",189511,32.4333333333333,0,295
"228",189512,20.3548387096774,0,290
"229",189601,7.87096774193548,0,216
"230",189602,59.8620689655172,0,696
"231",189603,43.2903225806452,0,333
"232",189604,10.7666666666667,0,165
"233",189605,20.5483870967742,0,203
"234",189606,48.5,0,605
"235",189607,60.6774193548387,0,500
"236",189608,12.6129032258065,0,74
"237",189609,40.1333333333333,0,259
"238",189610,14.2903225806452,0,178
"239",189611,24.0333333333333,0,312
"240",189612,9.25806451612903,0,140
"241",189701,24.5806451612903,0,368
"242",189702,22.8214285714286,0,249
"243",189703,19.5806451612903,0,137
"244",189704,22.6,0,246
"245",189705,47.2903225806452,0,335
"246",189706,25,0,480
"247",189707,78.3548387096774,0,582
"248",189708,30.9032258064516,0,577
"249",189709,15.3333333333333,0,259
"250",189710,5.90322580645161,0,81
"251",189711,38.2333333333333,0,307
"252",189712,39.9354838709677,0,564
"253",189801,34.9354838709677,0,262
"254",189802,38.3214285714286,0,780
"255",189803,22.8709677419355,0,145
"256",189804,27.5333333333333,0,345
"257",189805,55.0645161290323,0,345
"258",189806,10.6,0,81
"259",189807,36.1612903225806,0,551
"260",189808,28.4516129032258,0,292
"261",189809,14.4666666666667,0,224
"262",189810,49.5806451612903,0,318
"263",189811,56.9333333333333,0,351
"264",189812,25.1612903225806,0,264
"265",189901,32.6129032258064,0,394
"266",189902,35.4642857142857,0,254
"267",189903,47.3225806451613,0,318
"268",189904,14.7333333333333,0,343
"269",189905,8.93548387096774,0,175
"270",189906,19.1333333333333,0,206
"271",189907,36.6451612903226,0,457
"272",189908,28,0,582
"273",189909,51.8,0,538
"274",189910,17.4838709677419,0,282
"275",189911,15.1333333333333,0,183
"276",189912,15.6774193548387,0,264
"277",190001,34.6451612903226,0,371
"278",190002,48.8214285714286,0,333
"279",190003,28.5806451612903,0,236
"280",190004,17.1,0,183
"281",190005,30.4516129032258,0,513
"282",190006,18.6666666666667,0,259
"283",190007,26.3225806451613,0,310
"284",190008,37,0,320
"285",190009,21.2,0,320
"286",190010,29.2258064516129,0,348
"287",190011,36.9,0,483
"288",190012,16.5161290322581,0,356
"289",190101,13.7096774193548,0,229
"290",190102,4.96428571428571,0,58
"291",190103,44.8709677419355,0,747
"292",190104,56.1,0,460
"293",190105,52.741935483871,0,348
"294",190106,8.46666666666667,0,112
"295",190107,62.6451612903226,0,780
"296",190108,53.6774193548387,0,627
"297",190109,20.4666666666667,0,180
"298",190110,19.258064516129,0,305
"299",190111,8.43333333333333,0,201
"300",190112,57.4838709677419,0,640
"301",190201,18.5806451612903,0,203
"302",190202,48.8571428571429,0,472
"303",190203,39.741935483871,0,267
"304",190204,25.6666666666667,0,323
"305",190205,11.0645161290323,0,163
"306",190206,54.9,0,432
"307",190207,45.7741935483871,0,777
"308",190208,35.2258064516129,0,572
"309",190209,36.5,0,318
"310",190210,58.6774193548387,0,495
"311",190211,10.8666666666667,0,130
"312",190212,55.5161290322581,0,500
"313",190301,34.258064516129,0,330
"314",190302,42.6428571428571,0,254
"315",190303,34.6774193548387,0,239
"316",190304,29.2,0,191
"317",190305,4.09677419354839,0,51
"318",190306,82.8,0,653
"319",190307,32.1612903225806,0,295
"320",190308,55.1612903225806,0,508
"321",190309,31.0666666666667,0,414
"322",190310,109.064516129032,0,1862
"323",190311,8.2,0,107
"324",190312,25.2903225806452,0,340
"325",190401,24.3548387096774,0,183
"326",190402,19.3448275862069,0,246
"327",190403,29.3225806451613,0,376
"328",190404,32.1333333333333,0,279
"329",190405,15.3870967741935,0,160
"330",190406,25,0,119
"331",190407,40.5806451612903,0,249
"332",190408,64.3225806451613,0,922
"333",190409,36.5,0,505
"334",190410,24.5161290322581,0,358
"335",190411,18.6333333333333,0,335
"336",190412,16.1290322580645,0,157
"337",190501,22.7741935483871,0,231
"338",190502,18.25,0,191
"339",190503,28.6774193548387,0,323
"340",190504,20.2666666666667,0,277
"341",190505,5.87096774193548,0,56
"342",190506,31.9,0,300
"343",190507,25.0322580645161,0,284
"344",190508,39.3870967741936,0,315
"345",190509,49.4333333333333,0,627
"346",190510,29.1290322580645,0,320
"347",190511,14.1333333333333,0,257
"348",190512,27.6774193548387,0,356
"349",190601,22.0322580645161,0,216
"350",190602,22.4642857142857,0,224
"351",190603,41.0645161290323,0,572
"352",190604,49.9666666666667,0,572
"353",190605,45.3870967741936,0,665
"354",190606,10.7,0,97
"355",190607,37.1612903225806,0,269
"356",190608,11.7096774193548,0,175
"357",190609,21.1,0,173
"358",190610,34.3225806451613,0,457
"359",190611,9,0,122
"360",190612,29.4193548387097,0,318
"361",190701,23.6774193548387,0,244
"362",190702,20.4285714285714,0,196
"363",190703,25.1935483870968,0,218
"364",190704,32.0333333333333,0,234
"365",190705,44.9354838709677,0,371
"366",190706,27.8,0,191
"367",190707,7.32258064516129,0,163
"368",190708,26.5483870967742,0,594
"369",190709,70.5,0,541
"370",190710,39.1612903225806,0,442
"371",190711,37.9333333333333,0,348
"372",190712,34.9032258064516,0,356
"373",190801,30.8387096774194,0,371
"374",190802,51.3103448275862,0,546
"375",190803,19.5161290322581,0,104
"376",190804,19.2,0,218
"377",190805,69.7741935483871,0,970
"378",190806,10.7666666666667,0,246
"379",190807,31.0967741935484,0,373
"380",190808,49.2903225806452,0,823
"381",190809,16.1666666666667,0,188
"382",190810,11.3548387096774,0,122
"383",190811,6,0,124
"384",190812,26.1612903225806,0,503
"385",190901,27.2258064516129,0,381
"386",190902,41.1071428571429,0,343
"387",190903,29.2903225806452,0,538
"388",190904,51.9,0,691
"389",190905,12.0967741935484,0,102
"390",190906,25.5666666666667,0,216
"391",190907,17.8064516129032,0,457
"392",190908,69.6774193548387,0,1219
"393",190909,22.4333333333333,0,188
"394",190910,5.45161290322581,0,69
"395",190911,11.5333333333333,0,119
"396",190912,35.1935483870968,0,770
"397",191001,38.0645161290323,0,300
"398",191002,28.5714285714286,0,307
"399",191003,8.38709677419355,0,109
"400",191004,42.3333333333333,0,343
"401",191005,12.2258064516129,0,89
"402",191006,51.1,0,554
"403",191007,4.06451612903226,0,74
"404",191008,8.74193548387097,0,94
"405",191009,12.0333333333333,0,305
"406",191010,26.4838709677419,0,638
"407",191011,36.4,0,660
"408",191012,15.3870967741935,0,277
"409",191101,22.8709677419355,0,193
"410",191102,29.6071428571429,0,467
"411",191103,27.2903225806452,0,249
"412",191104,30,0,333
"413",191105,10.258064516129,0,203
"414",191106,48.1,0,290
"415",191107,17.7096774193548,0,180
"416",191108,76.0322580645161,0,955
"417",191109,14.4,0,155
"418",191110,62.6451612903226,0,622
"419",191111,43.3333333333333,0,373
"420",191112,25.1612903225806,0,150
"421",191201,20.9677419354839,0,236
"422",191202,23.9310344827586,0,363
"423",191203,63.1290322580645,0,460
"424",191204,29.8666666666667,0,160
"425",191205,44.3225806451613,0,262
"426",191206,13.3333333333333,0,178
"427",191207,20.9677419354839,0,315
"428",191208,22.5161290322581,0,259
"429",191209,35.0666666666667,0,257
"430",191210,33.5806451612903,0,754
"431",191211,29.9,0,574
"432",191212,41.0322580645161,0,429
"433",191301,28.0967741935484,0,137
"434",191302,24.8571428571429,0,312
"435",191303,53.0967741935484,0,490
"436",191304,53.1,0,318
"437",191305,24.1935483870968,0,257
"438",191306,16.7666666666667,0,340
"439",191307,49.7096774193548,0,790
"440",191308,19.5161290322581,0,254
"441",191309,59.3333333333333,0,884
"442",191310,106.290322580645,0,1265
"443",191311,18.3333333333333,0,165
"444",191312,29.4193548387097,0,409
"445",191401,43.2258064516129,0,384
"446",191402,30.25,0,404
"447",191403,38.8709677419355,0,749
"448",191404,28.2666666666667,0,340
"449",191405,18.4516129032258,0,241
"450",191406,17.4333333333333,0,188
"451",191407,44.8387096774194,0,455
"452",191408,20.8709677419355,0,269
"453",191409,2.46666666666667,0,43
"454",191410,18.2903225806452,0,483
"455",191411,28.0333333333333,0,434
"456",191412,42.9677419354839,0,460
"457",191501,65.0967741935484,0,597
"458",191502,54.5357142857143,0,538
"459",191503,10.258064516129,0,272
"460",191504,21.8333333333333,0,287
"461",191505,26.8387096774194,0,208
"462",191506,32.5666666666667,0,490
"463",191507,24.741935483871,0,310
"464",191508,59.5161290322581,0,826
"465",191509,20.1666666666667,0,371
"466",191510,18.5483870967742,0,170
"467",191511,13.8666666666667,0,170
"468",191512,35.1290322580645,0,422
"469",191601,10.5161290322581,0,76
"470",191602,41.7241379310345,0,536
"471",191603,30.3225806451613,0,239
"472",191604,27.8333333333333,0,361
"473",191605,35.6774193548387,0,676
"474",191606,38.6,0,384
"475",191607,37.258064516129,0,279
"476",191608,4.51612903225806,0,97
"477",191609,29.2333333333333,0,224
"478",191610,8.51612903225806,0,198
"479",191611,18.1333333333333,0,277
"480",191612,34.8387096774194,0,282
"481",191701,24.2903225806452,0,145
"482",191702,18.9285714285714,0,104
"483",191703,36.5483870967742,0,241
"484",191704,23.0666666666667,0,173
"485",191705,31.3870967741935,0,274
"486",191706,32.4333333333333,0,645
"487",191707,41.0645161290323,0,231
"488",191708,12.741935483871,0,170
"489",191709,22.7,0,381
"490",191710,55.8387096774194,0,638
"491",191711,7.26666666666667,0,122
"492",191712,34.8064516129032,0,391
"493",191801,28.9354838709677,0,292
"494",191802,22.5,0,211
"495",191803,13.6774193548387,0,191
"496",191804,39.4,0,457
"497",191805,39.5806451612903,0,472
"498",191806,39.0333333333333,0,495
"499",191807,35.741935483871,0,508
"500",191808,19.9032258064516,0,150
"501",191809,24.7,0,320
"502",191810,6.41935483870968,0,89
"503",191811,20.4666666666667,0,254
"504",191812,29.6129032258065,0,323
"505",191901,28.7741935483871,0,310
"506",191902,34.8214285714286,0,302
"507",191903,48.9032258064516,0,455
"508",191904,24.4,0,399
"509",191905,34,0,277
"510",191906,32.5333333333333,0,505
"511",191907,69.6774193548387,0,462
"512",191908,47.7096774193548,0,442
"513",191909,41.4,0,691
"514",191910,29.4516129032258,0,203
"515",191911,30.1333333333333,0,157
"516",191912,22.7096774193548,0,163
"517",192001,17.1612903225806,0,163
"518",192002,56.1724137931034,0,432
"519",192003,38.9354838709677,0,460
"520",192004,44.7,0,320
"521",192005,26.5483870967742,0,257
"522",192006,42.5666666666667,0,447
"523",192007,50.7741935483871,0,505
"524",192008,32.0967741935484,0,277
"525",192009,40.3,0,561
"526",192010,10.2258064516129,0,137
"527",192011,35.1333333333333,0,318
"528",192012,50.5161290322581,0,437
"529",192101,24.1612903225806,0,445
"530",192102,49.1071428571429,0,681
"531",192103,23.6451612903226,0,203
"532",192104,26.8666666666667,0,160
"533",192105,33.9354838709677,0,279
"534",192106,23.6333333333333,0,198
"535",192107,16.6129032258065,0,147
"536",192108,37.4193548387097,0,554
"537",192109,23.8,0,328
"538",192110,7.19354838709677,0,66
"539",192111,32.3333333333333,0,224
"540",192112,19.1612903225806,0,165
"541",192201,22.4516129032258,0,351
"542",192202,30.4285714285714,0,226
"543",192203,45.1935483870968,0,279
"544",192204,17.1333333333333,0,150
"545",192205,30.7741935483871,0,315
"546",192206,58.3,0,381
"547",192207,61.3548387096774,0,541
"548",192208,23.4516129032258,0,206
"549",192209,28.9333333333333,0,465
"550",192210,12.1612903225806,0,122
"551",192211,10.9333333333333,0,104
"552",192212,31.6774193548387,0,328
"553",192301,57.258064516129,0,427
"554",192302,23,0,152
"555",192303,34.0322580645161,0,279
"556",192304,20.1,0,224
"557",192305,15.0322580645161,0,213
"558",192306,25.5,0,193
"559",192307,22.6774193548387,0,119
"560",192308,10.0967741935484,0,89
"561",192309,22.5,0,381
"562",192310,44.2258064516129,0,622
"563",192311,27,0,467
"564",192312,36.2903225806452,0,272
"565",192401,40.1290322580645,0,366
"566",192402,38.1034482758621,0,561
"567",192403,17.0645161290323,0,262
"568",192404,51.1666666666667,0,556
"569",192405,51.9677419354839,0,340
"570",192406,23.5333333333333,0,168
"571",192407,7.32258064516129,0,86
"572",192408,47.8709677419355,0,582
"573",192409,30.2666666666667,0,363
"574",192410,2.29032258064516,0,71
"575",192411,18.3333333333333,0,470
"576",192412,20.2903225806452,0,297
"577",192501,44.4516129032258,0,488
"578",192502,22.0357142857143,0,170
"579",192503,33.4193548387097,0,384
"580",192504,16.9666666666667,0,145
"581",192505,27.5161290322581,0,368
"582",192506,30.4666666666667,0,302
"583",192507,47.3548387096774,0,544
"584",192508,14.0645161290323,0,152
"585",192509,19.6,0,216
"586",192510,36.9677419354839,0,274
"587",192511,24.8,0,241
"588",192512,27.0967741935484,0,414
"589",192601,23.3225806451613,0,241
"590",192602,48.7142857142857,0,439
"591",192603,21.7741935483871,0,302
"592",192604,14.6333333333333,0,193
"593",192605,19.8387096774194,0,198
"594",192606,14.5,0,130
"595",192607,52.3225806451613,0,417
"596",192608,59.6451612903226,0,848
"597",192609,40.5333333333333,0,569
"598",192610,39.9354838709677,0,236
"599",192611,32.0333333333333,0,300
"600",192612,32.8064516129032,0,343
"601",192701,16.6129032258065,0,112
"602",192702,31.3571428571429,0,290
"603",192703,10.9354838709677,0,94
"604",192704,24.1666666666667,0,244
"605",192705,39.0645161290323,0,363
"606",192706,31.3666666666667,0,267
"607",192707,53.1290322580645,0,442
"608",192708,80.5161290322581,0,660
"609",192709,36.1333333333333,0,975
"610",192710,73.7096774193548,0,498
"611",192711,36.7,0,467
"612",192712,32.8387096774194,0,272
"613",192801,15.3870967741935,0,163
"614",192802,42.4137931034483,0,351
"615",192803,23.1935483870968,0,259
"616",192804,40.9,0,305
"617",192805,16.9677419354839,0,216
"618",192806,59.6,0,295
"619",192807,72.8387096774194,0,429
"620",192808,37.4516129032258,0,305
"621",192809,31.1,0,328
"622",192810,12.8709677419355,0,173
"623",192811,20.8333333333333,0,282
"624",192812,8.03225806451613,0,56
"625",192901,27.3548387096774,0,198
"626",192902,46,0,475
"627",192903,34.6774193548387,0,406
"628",192904,49.5333333333333,0,279
"629",192905,32.9354838709677,0,206
"630",192906,16.0666666666667,0,201
"631",192907,9.96774193548387,0,119
"632",192908,12.0645161290323,0,226
"633",192909,26.4333333333333,0,198
"634",192910,37.9354838709677,0,549
"635",192911,18.8333333333333,0,188
"636",192912,27.3870967741935,0,269
"637",193001,19.4516129032258,0,206
"638",193002,29.4642857142857,0,315
"639",193003,18.2903225806452,0,290
"640",193004,19.5333333333333,0,152
"641",193005,28.1290322580645,0,213
"642",193006,24.7333333333333,0,244
"643",193007,54.1612903225806,0,711
"644",193008,35.4516129032258,0,770
"645",193009,12.5333333333333,0,142
"646",193010,14.0322580645161,0,145
"647",193011,47.6,0,472
"648",193012,22.4193548387097,0,353
"649",193101,21,0,236
"650",193102,24.5357142857143,0,244
"651",193103,39.6129032258064,0,411
"652",193104,32.1666666666667,0,399
"653",193105,35.9032258064516,0,249
"654",193106,31.8666666666667,0,257
"655",193107,27.7741935483871,0,201
"656",193108,26.5483870967742,0,391
"657",193109,13.3,0,124
"658",193110,22.9032258064516,0,213
"659",193111,5.13333333333333,0,61
"660",193112,20,0,213
"661",193201,36.4516129032258,0,338
"662",193202,23.6896551724138,0,251
"663",193203,47.7096774193548,0,605
"664",193204,19.8333333333333,0,206
"665",193205,24.1935483870968,0,272
"666",193206,36.9333333333333,0,536
"667",193207,11.6451612903226,0,104
"668",193208,26.2258064516129,0,338
"669",193209,10.4,0,173
"670",193210,45.741935483871,0,531
"671",193211,62.4333333333333,0,495
"672",193212,20.6129032258065,0,152
"673",193301,14.6129032258065,0,208
"674",193302,28.0357142857143,0,226
"675",193303,49.8387096774194,0,376
"676",193304,43.9,0,538
"677",193305,42.6129032258064,0,244
"678",193306,22.6,0,221
"679",193307,30.4838709677419,0,551
"680",193308,72.5161290322581,0,566
"681",193309,85.4333333333333,0,1057
"682",193310,20.6774193548387,0,216
"683",193311,7.6,0,84
"684",193312,28.258064516129,0,264
"685",193401,28.0322580645161,0,290
"686",193402,27.2857142857143,0,229
"687",193403,36.6774193548387,0,559
"688",193404,29.2333333333333,0,246
"689",193405,42.5161290322581,0,396
"690",193406,31.1333333333333,0,490
"691",193407,34.741935483871,0,409
"692",193408,22.741935483871,0,295
"693",193409,101.166666666667,0,1234
"694",193410,23.0967741935484,0,437
"695",193411,18.3333333333333,0,142
"696",193412,21.7741935483871,0,302
"697",193501,32.0322580645161,0,277
"698",193502,28.7857142857143,0,389
"699",193503,20.3548387096774,0,203
"700",193504,13,0,117
"701",193505,8.67741935483871,0,117
"702",193506,33.6666666666667,0,185
"703",193507,42.9677419354839,0,274
"704",193508,11.6774193548387,0,99
"705",193509,36.7333333333333,0,406
"706",193510,18.3225806451613,0,191
"707",193511,27.6,0,292
"708",193512,10.2258064516129,0,127
"709",193601,61.7741935483871,0,607
"710",193602,23.4827586206897,0,224
"711",193603,44.6451612903226,0,384
"712",193604,28.0333333333333,0,318
"713",193605,24.3225806451613,0,414
"714",193606,39.1,0,378
"715",193607,15.4838709677419,0,160
"716",193608,32.7741935483871,0,396
"717",193609,40.8333333333333,0,996
"718",193610,31.9354838709677,0,579
"719",193611,9.63333333333333,0,102
"720",193612,61.7096774193548,0,371
"721",193701,48.8709677419355,0,246
"722",193702,22.5357142857143,0,290
"723",193703,23.741935483871,0,305
"724",193704,43.1,0,305
"725",193705,23.8387096774194,0,353
"726",193706,36.9333333333333,0,300
"727",193707,45.3870967741936,0,681
"728",193708,60.0322580645161,0,559
"729",193709,42.8,0,780
"730",193710,37.3870967741936,0,467
"731",193711,40.0333333333333,0,544
"732",193712,16.8709677419355,0,157
"733",193801,32.7096774193548,0,343
"734",193802,17.8928571428571,0,132
"735",193803,18.2258064516129,0,145
"736",193804,28.6333333333333,0,358
"737",193805,27.5806451612903,0,234
"738",193806,60.4,0,429
"739",193807,47.8064516129032,0,610
"740",193808,32.0967741935484,0,373
"741",193809,76.7333333333333,0,1029
"742",193810,14.3548387096774,0,165
"743",193811,27.7333333333333,0,173
"744",193812,21.5161290322581,0,183
"745",193901,31.1612903225806,0,302
"746",193902,56.25,0,404
"747",193903,39.0967741935484,0,226
"748",193904,36.1,0,330
"749",193905,7.25806451612903,0,137
"750",193906,32.1666666666667,0,483
"751",193907,8.12903225806452,0,145
"752",193908,39.5483870967742,0,587
"753",193909,16.0666666666667,0,155
"754",193910,35.3548387096774,0,351
"755",193911,11.8666666666667,0,356
"756",193912,11.4193548387097,0,97
"757",194001,21.4193548387097,0,523
"758",194002,23.0689655172414,0,246
"759",194003,38.7741935483871,0,251
"760",194004,46.2333333333333,0,490
"761",194005,62.3225806451613,0,795
"762",194006,25.5333333333333,0,241
"763",194007,27.0645161290323,0,493
"764",194008,33.8387096774194,0,368
"765",194009,23.9,0,599
"766",194010,19.9032258064516,0,320
"767",194011,30.0666666666667,0,213
"768",194012,22.9032258064516,0,315
"769",194101,26.4838709677419,0,300
"770",194102,32,0,752
"771",194103,25,0,452
"772",194104,20.3,0,274
"773",194105,18.4193548387097,0,198
"774",194106,40.4,0,434
"775",194107,33.3870967741936,0,198
"776",194108,48.4838709677419,0,584
"777",194109,4.33333333333333,0,130
"778",194110,15.2903225806452,0,180
"779",194111,28.7333333333333,0,404
"780",194112,33.1612903225806,0,754
"781",194201,23.6129032258065,0,277
"782",194202,23,0,254
"783",194203,48.4516129032258,0,414
"784",194204,9.23333333333333,0,216
"785",194205,14.6129032258065,0,213
"786",194206,30.4333333333333,0,137
"787",194207,58.6129032258064,0,371
"788",194208,74.3548387096774,0,1041
"789",194209,35.8,0,305
"790",194210,16.258064516129,0,180
"791",194211,31.5333333333333,0,307
"792",194212,37.4516129032258,0,340
"793",194301,20.1935483870968,0,318
"794",194302,17.0357142857143,0,157
"795",194303,30.1290322580645,0,488
"796",194304,14.5666666666667,0,119
"797",194305,41.3870967741936,0,467
"798",194306,18.3666666666667,0,183
"799",194307,27.7096774193548,0,391
"800",194308,31.0967741935484,0,295
"801",194309,14.4666666666667,0,157
"802",194310,62.3225806451613,0,864
"803",194311,17.8333333333333,0,109
"804",194312,9.83870967741935,0,272
"805",194401,26.2258064516129,0,251
"806",194402,15.1379310344828,0,155
"807",194403,49.0322580645161,0,490
"808",194404,40.2666666666667,0,434
"809",194405,9.67741935483871,0,132
"810",194406,28.3666666666667,0,297
"811",194407,15,0,198
"812",194408,15.0967741935484,0,224
"813",194409,87.2333333333333,0,1001
"814",194410,19.0645161290323,0,224
"815",194411,50.5,0,424
"816",194412,21.0645161290323,0,206
"817",194501,18.4193548387097,0,196
"818",194502,26.6071428571429,0,206
"819",194503,18.2903225806452,0,239
"820",194504,31,0,427
"821",194505,43.7741935483871,0,320
"822",194506,34.0333333333333,0,305
"823",194507,42.258064516129,0,335
"824",194508,22.5483870967742,0,338
"825",194509,46.5333333333333,0,787
"826",194510,16.6451612903226,0,127
"827",194511,38.6333333333333,0,208
"828",194512,37.3548387096774,0,320
"829",194601,15.2258064516129,0,175
"830",194602,16,0,142
"831",194603,26.3225806451613,0,307
"832",194604,12.1666666666667,0,102
"833",194605,55.741935483871,0,531
"834",194606,28.4333333333333,0,569
"835",194607,41.9032258064516,0,538
"836",194608,54.7741935483871,0,688
"837",194609,34.0333333333333,0,338
"838",194610,6.96774193548387,0,97
"839",194611,14.0333333333333,0,218
"840",194612,13.1935483870968,0,224
"841",194701,22.4516129032258,0,236
"842",194702,20.3214285714286,0,185
"843",194703,18.8387096774194,0,254
"844",194704,43.0666666666667,0,495
"845",194705,34.8387096774194,0,147
"846",194706,29.1333333333333,0,173
"847",194707,22.3225806451613,0,201
"848",194708,19.6451612903226,0,333
"849",194709,26.7,0,191
"850",194710,14.1935483870968,0,163
"851",194711,57.7666666666667,0,455
"852",194712,32.1290322580645,0,599
"853",194801,38.8387096774194,0,310
"854",194802,22.0689655172414,0,185
"855",194803,28.7741935483871,0,254
"856",194804,27.6,0,409
"857",194805,62.0967741935484,0,632
"858",194806,46.7666666666667,0,358
"859",194807,37,0,399
"860",194808,24.5161290322581,0,231
"861",194809,10.8333333333333,0,178
"862",194810,12.4193548387097,0,163
"863",194811,26.8666666666667,0,239
"864",194812,51.4516129032258,0,391
"865",194901,49.4193548387097,0,312
"866",194902,32.4642857142857,0,277
"867",194903,13.6129032258065,0,178
"868",194904,37.4,0,333
"869",194905,27.9677419354839,0,231
"870",194906,0.2,0,3
"871",194907,34.5161290322581,0,279
"872",194908,35.1612903225806,0,213
"873",194909,29.0666666666667,0,234
"874",194910,15.741935483871,0,236
"875",194911,8.13333333333333,0,66
"876",194912,18.7096774193548,0,127
"877",195001,18.5806451612903,0,117
"878",195002,40.3214285714286,0,236
"879",195003,22.3870967741935,0,163
"880",195004,14.1333333333333,0,99
"881",195005,21.8064516129032,0,142
"882",195006,18.5333333333333,0,249
"883",195007,34.8064516129032,0,351
"884",195008,40.7741935483871,0,371
"885",195009,12.5666666666667,0,150
"886",195010,14.0322580645161,0,236
"887",195011,35.9333333333333,0,404
"888",195012,35.4193548387097,0,297
"889",195101,27.1290322580645,0,295
"890",195102,27.6785714285714,0,221
"891",195103,46.0322580645161,0,541
"892",195104,20.6333333333333,0,152
"893",195105,40.3870967741936,0,307
"894",195106,25.2,0,193
"895",195107,30.0967741935484,0,465
"896",195108,20.741935483871,0,254
"897",195109,5.93333333333333,0,53
"898",195110,30.8709677419355,0,495
"899",195111,55,0,559
"900",195112,35.0967741935484,0,279
"901",195201,37.3870967741936,0,216
"902",195202,12.0689655172414,0,124
"903",195203,32.741935483871,0,378
"904",195204,43.2,0,462
"905",195205,39.1612903225806,0,457
"906",195206,30.8,0,495
"907",195207,27.1935483870968,0,236
"908",195208,37.9354838709677,0,300
"909",195209,17.3666666666667,0,297
"910",195210,7.70967741935484,0,198
"911",195211,25.8666666666667,0,287
"912",195212,33.8064516129032,0,320
"913",195301,40.1612903225806,0,330
"914",195302,21.5714285714286,0,330
"915",195303,71.8387096774194,0,663
"916",195304,44,0,335
"917",195305,35.6774193548387,0,165
"918",195306,15.4333333333333,0,112
"919",195307,31.6451612903226,0,612
"920",195308,17.258064516129,0,234
"921",195309,9.3,0,89
"922",195310,35.258064516129,0,632
"923",195311,17.1666666666667,0,196
"924",195312,36.2258064516129,0,371
"925",195401,13.4838709677419,0,114
"926",195402,16.4642857142857,0,160
"927",195403,26.6451612903226,0,221
"928",195404,22.9333333333333,0,328
"929",195405,25.4838709677419,0,267
"930",195406,11.1666666666667,0,150
"931",195407,7.90322580645161,0,94
"932",195408,49.8709677419355,0,467
"933",195409,40.3333333333333,0,737
"934",195410,16.2903225806452,0,287
"935",195411,41.7666666666667,0,432
"936",195412,24.8387096774194,0,173
"937",195501,6.35483870967742,0,79
"938",195502,27.3214285714286,0,312
"939",195503,30.4516129032258,0,259
"940",195504,16.7333333333333,0,97
"941",195505,21.6451612903226,0,371
"942",195506,21.3333333333333,0,150
"943",195507,4.16129032258065,0,51
"944",195508,89.0645161290323,0,919
"945",195509,22.6333333333333,0,310
"946",195510,56.2903225806452,0,607
"947",195511,34.9,0,269
"948",195512,2.06451612903226,0,38
"949",195601,12.6129032258065,0,132
"950",195602,36.6896551724138,0,257
"951",195603,41.2903225806452,0,259
"952",195604,23.5666666666667,0,191
"953",195605,18.0967741935484,0,130
"954",195606,25.3,0,264
"955",195607,25.6451612903226,0,239
"956",195608,21,0,185
"957",195609,19.6666666666667,0,185
"958",195610,29.5806451612903,0,612
"959",195611,22.1666666666667,0,127
"960",195612,26.9677419354839,0,246
"961",195701,13.9354838709677,0,124
"962",195702,22.0714285714286,0,224
"963",195703,16.3870967741935,0,130
"964",195704,38.2333333333333,0,216
"965",195705,30.0645161290323,0,648
"966",195706,15.7,0,124
"967",195707,12.0322580645161,0,170
"968",195708,23.4838709677419,0,277
"969",195709,25.5,0,267
"970",195710,26.8064516129032,0,302
"971",195711,37.7333333333333,0,246
"972",195712,43.1612903225806,0,384
"973",195801,31.0322580645161,0,218
"974",195802,27.0357142857143,0,226
"975",195803,26.1290322580645,0,229
"976",195804,52.0333333333333,0,556
"977",195805,26.6774193548387,0,119
"978",195806,21.5666666666667,0,168
"979",195807,30.1935483870968,0,226
"980",195808,19.3548387096774,0,391
"981",195809,37.5666666666667,0,305
"982",195810,44.741935483871,0,335
"983",195811,15.6666666666667,0,234
"984",195812,10.258064516129,0,130
"985",195901,19.2258064516129,0,211
"986",195902,15.3571428571429,0,127
"987",195903,30.9032258064516,0,343
"988",195904,16.2,0,130
"989",195905,10.9032258064516,0,124
"990",195906,35.5666666666667,0,269
"991",195907,35.0322580645161,0,457
"992",195908,36.4516129032258,0,318
"993",195909,9.4,0,104
"994",195910,39.5161290322581,0,363
"995",195911,35.7333333333333,0,279
"996",195912,38.0322580645161,0,292
"997",196001,19.6774193548387,0,213
"998",196002,38.7931034482759,0,414
"999",196003,24.2903225806452,0,226
"1000",196004,25.9,0,267
"1001",196005,24.3870967741935,0,203
"1002",196006,14.7666666666667,0,267
"1003",196007,67.9032258064516,0,904
"1004",196008,51.2903225806452,0,546
"1005",196009,45.6,0,597
"1006",196010,23.1290322580645,0,406
"1007",196011,25.8666666666667,0,384
"1008",196012,24.9354838709677,0,328
"1009",196101,15.4193548387097,0,198
"1010",196102,35.8928571428571,0,533
"1011",196103,34.6774193548387,0,239
"1012",196104,43.0666666666667,0,318
"1013",196105,29.6129032258065,0,282
"1014",196106,24.2333333333333,0,244
"1015",196107,40.3225806451613,0,297
"1016",196108,25.7096774193548,0,208
"1017",196109,14.4,0,267
"1018",196110,18.1290322580645,0,231
"1019",196111,22.9666666666667,0,201
"1020",196112,24.9032258064516,0,267
"1021",196201,21.5483870967742,0,399
"1022",196202,33.8928571428571,0,211
"1023",196203,24.3548387096774,0,592
"1024",196204,25.4,0,328
"1025",196205,10.3225806451613,0,124
"1026",196206,31.6,0,335
"1027",196207,13.7096774193548,0,213
"1028",196208,46.741935483871,0,404
"1029",196209,26.2666666666667,0,366
"1030",196210,25.8064516129032,0,292
"1031",196211,33.3333333333333,0,409
"1032",196212,18.5806451612903,0,168
"1033",196301,15.8709677419355,0,97
"1034",196302,23.1428571428571,0,246
"1035",196303,29.6451612903226,0,254
"1036",196304,10.7666666666667,0,226
"1037",196305,17.7096774193548,0,163
"1038",196306,23.0666666666667,0,234
"1039",196307,18.0322580645161,0,135
"1040",196308,26.2903225806452,0,345
"1041",196309,33.4666666666667,0,554
"1042",196310,1.12903225806452,0,25
"1043",196311,69.8,0,752
"1044",196312,18.9032258064516,0,206
"1045",196401,37.8387096774194,0,328
"1046",196402,25.6551724137931,0,203
"1047",196403,21.0967741935484,0,150
"1048",196404,43.1666666666667,0,254
"1049",196405,4.67741935483871,0,66
"1050",196406,22.6,0,193
"1051",196407,34.258064516129,0,277
"1052",196408,1.96774193548387,0,33
"1053",196409,14.3333333333333,0,264
"1054",196410,14.1612903225806,0,160
"1055",196411,21.6,0,216
"1056",196412,34.1612903225806,0,320
"1057",196501,25.3548387096774,0,163
"1058",196502,33.2142857142857,0,343
"1059",196503,20.4838709677419,0,191
"1060",196504,24.5666666666667,0,160
"1061",196505,12.9677419354839,0,178
"1062",196506,10.8,0,119
"1063",196507,10.9032258064516,0,132
"1064",196508,22.3548387096774,0,221
"1065",196509,14.4,0,218
"1066",196510,17.7096774193548,0,292
"1067",196511,12.4,0,130
"1068",196512,14.0967741935484,0,188
"1069",196601,21.5483870967742,0,183
"1070",196602,45.0357142857143,0,615
"1071",196603,7.74193548387097,0,81
"1072",196604,22.8,0,203
"1073",196605,34.8709677419355,0,500
"1074",196606,9.9,0,152
"1075",196607,10.2258064516129,0,142
"1076",196608,15.4838709677419,0,160
"1077",196609,74.6666666666667,0,1407
"1078",196610,38,0,792
"1079",196611,29.3666666666667,0,277
"1080",196612,26.1612903225806,0,318
"1081",196701,11.4193548387097,0,208
"1082",196702,24.3571428571429,0,269
"1083",196703,48.9677419354839,0,475
"1084",196704,29.2,0,274
"1085",196705,33.4516129032258,0,297
"1086",196706,39.3,0,546
"1087",196707,57.258064516129,0,528
"1088",196708,48.7096774193548,0,541
"1089",196709,15.6,0,160
"1090",196710,28.4193548387097,0,363
"1091",196711,21.9333333333333,0,178
"1092",196712,49.8064516129032,0,371
"1093",196801,16.741935483871,0,330
"1094",196802,9.89655172413793,0,152
"1095",196803,39.2903225806452,0,361
"1096",196804,23.9,0,551
"1097",196805,57.8387096774194,0,1013
"1098",196806,52.1,0,483
"1099",196807,21.5483870967742,0,513
"1100",196808,23.6129032258065,0,175
"1101",196809,16.6666666666667,0,203
"1102",196810,18.0645161290323,0,229
"1103",196811,48.7666666666667,0,351
"1104",196812,34,0,452
"1105",196901,9,0,109
"1106",196902,27.6785714285714,0,417
"1107",196903,30.5483870967742,0,414
"1108",196904,33.8,0,457
"1109",196905,21.9032258064516,0,338
"1110",196906,26.7333333333333,0,236
"1111",196907,60.4193548387097,0,295
"1112",196908,20.6774193548387,0,160
"1113",196909,70.4333333333333,0,843
"1114",196910,16.1290322580645,0,203
"1115",196911,30.2333333333333,0,307
"1116",196912,58,0,391
"1117",197001,5.45161290322581,0,41
"1118",197002,41,0,668
"1119",197003,34.2903225806452,0,272
"1120",197004,29.4666666666667,0,490
"1121",197005,27.3548387096774,0,236
"1122",197006,19.2,0,165
"1123",197007,17.9677419354839,0,269
"1124",197008,20.258064516129,0,495
"1125",197009,14.7666666666667,0,206
"1126",197010,20.3225806451613,0,279
"1127",197011,43.5333333333333,0,422
"1128",197012,23.1290322580645,0,188
"1129",197101,21.8709677419355,0,251
"1130",197102,48.3571428571429,0,282
"1131",197103,31.1612903225806,0,267
"1132",197104,25.0333333333333,0,366
"1133",197105,34.7741935483871,0,422
"1134",197106,19.5333333333333,0,246
"1135",197107,59,0,762
"1136",197108,76.7741935483871,0,1057
"1137",197109,62.3333333333333,0,955
"1138",197110,33.9677419354839,0,549
"1139",197111,47.7333333333333,0,394
"1140",197112,14.4516129032258,0,152
"1141",197201,19.8064516129032,0,163
"1142",197202,51.7586206896552,0,417
"1143",197203,37.2903225806452,0,305
"1144",197204,33.2,0,246
"1145",197205,68.7096774193548,0,516
"1146",197206,78.7333333333333,0,348
"1147",197207,37.1935483870968,0,803
"1148",197208,15.7096774193548,0,241
"1149",197209,11.3,0,69
"1150",197210,51.3870967741936,0,1039
"1151",197211,105.066666666667,0,1422
"1152",197212,49.9032258064516,0,302
"1153",197301,37.1290322580645,0,378
"1154",197302,41.2857142857143,0,757
"1155",197303,29.5483870967742,0,343
"1156",197304,68.1333333333333,0,409
"1157",197305,36.9032258064516,0,193
"1158",197306,38.5333333333333,0,470
"1159",197307,48.2903225806452,0,439
"1160",197308,25.2903225806452,0,632
"1161",197309,23.3,0,411
"1162",197310,32.1290322580645,0,932
"1163",197311,15.4333333333333,0,122
"1164",197312,81.7741935483871,0,632
"1165",197401,31.1935483870968,0,267
"1166",197402,13.5357142857143,0,99
"1167",197403,47.2258064516129,0,508
"1168",197404,32.4666666666667,0,351
"1169",197405,35.1935483870968,0,318
"1170",197406,27.9666666666667,0,178
"1171",197407,10.9032258064516,0,137
"1172",197408,49.0967741935484,0,726
"1173",197409,68.2,0,828
"1174",197410,21.2258064516129,0,546
"1175",197411,7.96666666666667,0,112
"1176",197412,51.9032258064516,0,572
"1177",197501,39.0322580645161,0,203
"1178",197502,30.2142857142857,0,307
"1179",197503,27.2258064516129,0,221
"1180",197504,25.7666666666667,0,259
"1181",197505,27.7096774193548,0,262
"1182",197506,64.1666666666667,0,503
"1183",197507,96.3870967741936,0,457
"1184",197508,25,0,239
"1185",197509,78.9,0,584
"1186",197510,30.3548387096774,0,310
"1187",197511,36.6333333333333,0,462
"1188",197512,29.7741935483871,0,422
"1189",197601,47.3548387096774,0,493
"1190",197602,27.4137931034483,0,208
"1191",197603,24.5161290322581,0,211
"1192",197604,23.7666666666667,0,384
"1193",197605,39.1612903225806,0,630
"1194",197606,23.5666666666667,0,236
"1195",197607,11.7096774193548,0,137
"1196",197608,53.4516129032258,0,991
"1197",197609,26.7,0,246
"1198",197610,43.4838709677419,0,462
"1199",197611,2.86666666666667,0,81
"1200",197612,18.7741935483871,0,335
"1201",197701,18.4193548387097,0,315
"1202",197702,22.7142857142857,0,429
"1203",197703,60.6774193548387,0,874
"1204",197704,31.7333333333333,0,305
"1205",197705,14,0,119
"1206",197706,32.4666666666667,0,427
"1207",197707,13.0967741935484,0,175
"1208",197708,37.4516129032258,0,325
"1209",197709,40.2333333333333,0,368
"1210",197710,41.1935483870968,0,439
"1211",197711,103.866666666667,0,1880
"1212",197712,41.4838709677419,0,290
"1213",197801,67.7096774193548,0,457
"1214",197802,14.4285714285714,0,226
"1215",197803,22.3870967741935,0,206
"1216",197804,20.2,0,498
"1217",197805,75.0322580645161,0,859
"1218",197806,14.3,0,102
"1219",197807,36.7096774193548,0,437
"1220",197808,45.0322580645161,0,452
"1221",197809,34.3666666666667,0,345
"1222",197810,12.3225806451613,0,97
"1223",197811,24.1,0,196
"1224",197812,45.9677419354839,0,455
"1225",197901,86.2258064516129,0,876
"1226",197902,41.5714285714286,0,391
"1227",197903,36.0645161290323,0,668
"1228",197904,34.1666666666667,0,279
"1229",197905,51.0322580645161,0,686
"1230",197906,13.2,0,99
"1231",197907,14.4516129032258,0,254
"1232",197908,35,0,427
"1233",197909,40.9333333333333,0,478
"1234",197910,31.741935483871,0,231
"1235",197911,28.6666666666667,0,320
"1236",197912,22.0645161290323,0,221
"1237",198001,14.1290322580645,0,206
"1238",198002,9.10344827586207,0,188
"1239",198003,85.2903225806452,0,561
"1240",198004,70.0333333333333,0,869
"1241",198005,19.0967741935484,0,183
"1242",198006,32.5666666666667,0,274
"1243",198007,43.1612903225806,0,881
"1244",198008,9.48387096774194,0,114
"1245",198009,16.7666666666667,0,231
"1246",198010,31.6451612903226,0,447
"1247",198011,34.8666666666667,0,427
"1248",198012,4.80645161290323,0,46
"1249",198101,4.74193548387097,0,104
"1250",198102,54.8571428571429,0,450
"1251",198103,9.74193548387097,0,165
"1252",198104,28.9666666666667,0,221
"1253",198105,29.1612903225806,0,424
"1254",198106,22.9333333333333,0,183
"1255",198107,50.9032258064516,0,447
"1256",198108,4.87096774193548,0,71
"1257",198109,29.2333333333333,0,394
"1258",198110,28.5483870967742,0,241
"1259",198111,14.3666666666667,0,206
"1260",198112,42.4193548387097,0,340
"1261",198201,52.9354838709677,0,693
"1262",198202,21.5357142857143,0,292
"1263",198203,21,0,206
"1264",198204,47.9666666666667,0,472
"1265",198205,19.9032258064516,0,173
"1266",198206,43.3333333333333,0,419
"1267",198207,25.7741935483871,0,554
"1268",198208,38.1935483870968,0,472
"1269",198209,15,0,109
"1270",198210,18.9032258064516,0,312
"1271",198211,29.1666666666667,0,409
"1272",198212,12.0322580645161,0,114
"1273",198301,41.0322580645161,0,427
"1274",198302,29.2142857142857,0,318
"1275",198303,86.3548387096774,0,787
"1276",198304,118.7,0,1095
"1277",198305,37.741935483871,0,282
"1278",198306,23.8666666666667,0,371
"1279",198307,27.8064516129032,0,574
"1280",198308,59.4838709677419,0,709
"1281",198309,39.1,0,671
"1282",198310,70.7096774193548,0,864
"1283",198311,56.6,0,363
"1284",198312,80.0322580645161,0,554
"1285",198401,15.3548387096774,0,152
"1286",198402,42.5862068965517,0,439
"1287",198403,51.6774193548387,0,587
"1288",198404,56.0333333333333,0,701
"1289",198405,79.8387096774194,0,556
"1290",198406,48.8,0,780
"1291",198407,57.6451612903226,0,795
"1292",198408,11.3225806451613,0,94
"1293",198409,21.3,0,305
"1294",198410,29.7741935483871,0,368
"1295",198411,34.5,0,493
"1296",198412,26.741935483871,0,244
"1297",198501,8.19354838709677,0,76
"1298",198502,21.8928571428571,0,277
"1299",198503,15.6129032258065,0,124
"1300",198504,12,0,99
"1301",198505,46.8709677419355,0,422
"1302",198506,37.3666666666667,0,302
"1303",198507,36.1290322580645,0,531
"1304",198508,21.1612903225806,0,224
"1305",198509,40.2,0,795
"1306",198510,10.6451612903226,0,198
"1307",198511,68.5333333333333,0,607
"1308",198512,6.87096774193548,0,69
"1309",198601,34.6451612903226,0,556
"1310",198602,25.9642857142857,0,213
"1311",198603,11.9677419354839,0,165
"1312",198604,33.3666666666667,0,485
"1313",198605,13.8064516129032,0,191
"1314",198606,15.7666666666667,0,231
"1315",198607,45.5483870967742,0,246
"1316",198608,34.8064516129032,0,305
"1317",198609,18.6666666666667,0,241
"1318",198610,15.741935483871,0,173
"1319",198611,58.0333333333333,0,437
"1320",198612,50.4838709677419,0,411
"1321",198701,47.6129032258064,0,427
"1322",198702,9.17857142857143,0,127
"1323",198703,40.3870967741936,0,599
"1324",198704,49.9333333333333,0,505
"1325",198705,11.8709677419355,0,104
"1326",198706,33.4,0,343
"1327",198707,33.7741935483871,0,279
"1328",198708,40.1290322580645,0,264
"1329",198709,44.5,0,318
"1330",198710,31.8709677419355,0,366
"1331",198711,26.1,0,320
"1332",198712,17.7741935483871,0,229
"1333",198801,29.8709677419355,0,203
"1334",198802,34.2413793103448,0,389
"1335",198803,17.1935483870968,0,231
"1336",198804,18.6333333333333,0,150
"1337",198805,43.1935483870968,0,457
"1338",198806,10.9333333333333,0,102
"1339",198807,66.741935483871,0,434
"1340",198808,17.9677419354839,0,406
"1341",198809,19.8666666666667,0,318
"1342",198810,29.1935483870968,0,389
"1343",198811,75.3666666666667,0,856
"1344",198812,9.29032258064516,0,97
"1345",198901,18.8064516129032,0,152
"1346",198902,27.4285714285714,0,378
"1347",198903,40.3870967741936,0,521
"1348",198904,36.0666666666667,0,358
"1349",198905,83.9354838709677,0,584
"1350",198906,74.4333333333333,0,648
"1351",198907,42.0322580645161,0,521
"1352",198908,69.1935483870968,0,762
"1353",198909,58.4333333333333,0,589
"1354",198910,61.2903225806452,0,706
"1355",198911,23.6333333333333,0,163
"1356",198912,6.80645161290323,0,132
"1357",199001,43.8064516129032,0,282
"1358",199002,21.1428571428571,0,211
"1359",199003,29.8387096774194,0,267
"1360",199004,43.3666666666667,0,373
"1361",199005,74.5161290322581,0,610
"1362",199006,21.2,0,188
"1363",199007,28.7741935483871,0,287
"1364",199008,101.290322580645,0,1179
"1365",199009,19,0,262
"1366",199010,52.2903225806452,0,643
"1367",199011,23.8666666666667,0,432
"1368",199012,45.7096774193548,0,307
"1369",199101,27.6774193548387,0,216
"1370",199102,17.5357142857143,0,135
"1371",199103,42.258064516129,0,551
"1372",199104,31.1666666666667,0,579
"1373",199105,25.5161290322581,0,353
"1374",199106,35.2333333333333,0,457
"1375",199107,37.4516129032258,0,470
"1376",199108,58.4838709677419,0,762
"1377",199109,31.4,0,500
"1378",199110,17.4516129032258,0,193
"1379",199111,16.6,0,287
"1380",199112,34.9032258064516,0,318
"1381",199201,13.8064516129032,0,127
"1382",199202,16.3448275862069,0,213
"1383",199203,33.4193548387097,0,251
"1384",199204,14.8666666666667,0,89
"1385",199205,32.9354838709677,0,505
"1386",199206,40.3666666666667,0,711
"1387",199207,36.8064516129032,0,229
"1388",199208,28.6129032258065,0,386
"1389",199209,41.4333333333333,0,409
"1390",199210,9.51612903225806,0,109
"1391",199211,47.8,0,554
"1392",199212,45.1290322580645,0,612
"1393",199301,28.1935483870968,0,361
"1394",199302,25.5,0,282
"1395",199303,54.3870967741936,0,602
"1396",199304,36.2666666666667,0,480
"1397",199305,12.8064516129032,0,229
"1398",199306,12.6,0,127
"1399",199307,13.9354838709677,0,193
"1400",199308,44.3548387096774,0,470
"1401",199309,44.5,0,361
"1402",199310,37.2258064516129,0,246
"1403",199311,18.6,0,368
"1404",199312,40.5806451612903,0,419
"1405",199401,46.0322580645161,0,475
"1406",199402,31.2142857142857,0,277
"1407",199403,51.8064516129032,0,411
"1408",199404,20.5333333333333,0,130
"1409",199405,34.8064516129032,0,208
"1410",199406,27.2,0,249
"1411",199407,31.6129032258065,0,244
"1412",199408,51.9032258064516,0,470
"1413",199409,28.2,0,201
"1414",199410,11.0645161290323,0,155
"1415",199411,36.7666666666667,0,277
"1416",199412,23.8064516129032,0,239
"1417",199501,30.7741935483871,0,358
"1418",199502,28.3928571428571,0,320
"1419",199503,10.2903225806452,0,180
"1420",199504,19.4,0,142
"1421",199505,23.2903225806452,0,173
"1422",199506,17.7333333333333,0,251
"1423",199507,50.2258064516129,0,795
"1424",199508,1.48387096774194,0,33
"1425",199509,25.7,0,282
"1426",199510,64.0322580645161,0,551
"1427",199511,48.9666666666667,0,358
"1428",199512,17.3870967741935,0,173
"1429",199601,46.2258064516129,0,356
"1430",199602,22.6551724137931,0,130
"1431",199603,31.2903225806452,0,213
"1432",199604,53.5666666666667,0,528
"1433",199605,21.6774193548387,0,163
"1434",199606,48.4333333333333,0,765
"1435",199607,47.2258064516129,0,450
"1436",199608,15.3548387096774,0,208
"1437",199609,42.1,0,518
"1438",199610,61.6129032258064,0,1105
"1439",199611,24.3,0,485
"1440",199612,53.1290322580645,0,358
"1441",199701,29.9354838709677,0,312
"1442",199702,23.1428571428571,0,244
"1443",199703,42.5483870967742,0,526
"1444",199704,24.3,0,259
"1445",199705,25.0322580645161,0,196
"1446",199706,16.3333333333333,0,251
"1447",199707,68.5161290322581,0,953
"1448",199708,26.2903225806452,0,193
"1449",199709,17.8333333333333,0,178
"1450",199710,17.1935483870968,0,211
"1451",199711,39.7,0,236
"1452",199712,35.0322580645161,0,318
"1453",199801,42.6129032258064,0,648
"1454",199802,52.7142857142857,0,323
"1455",199803,41.6774193548387,0,462
"1456",199804,59.7333333333333,0,472
"1457",199805,56.9032258064516,0,493
"1458",199806,50.3,0,399
"1459",199807,8.96774193548387,0,84
"1460",199808,22.8064516129032,0,605
"1461",199809,29.1333333333333,0,526
"1462",199810,22.5806451612903,0,246
"1463",199811,12.5,0,246
"1464",199812,9.2258064516129,0,180
"1465",199901,57.5483870967742,0,615
"1466",199902,31.6785714285714,0,292
"1467",199903,32.9032258064516,0,183
"1468",199904,16.4,0,97
"1469",199905,33.0967741935484,0,389
"1470",199906,5,0,48
"1471",199907,3.61290322580645,0,61
"1472",199908,23.7096774193548,0,389
"1473",199909,74.5666666666667,0,1275
"1474",199910,22.3870967741935,0,185
"1475",199911,19.7333333333333,0,287
"1476",199912,26.4838709677419,0,257
"1477",200001,26.4193548387097,0,213
"1478",200002,14.5172413793103,0,145
"1479",200003,27.3870967741935,0,282
"1480",200004,29.9,0,411
"1481",200005,36.9032258064516,0,272
"1482",200006,41.2666666666667,0,665
"1483",200007,59.6774193548387,0,823
"1484",200008,31.2903225806452,0,178
"1485",200009,49.2666666666667,0,483
"1486",200010,5.51612903225806,0,114
"1487",200011,29.9666666666667,0,376
"1488",200012,26.2258064516129,0,239
"1489",200101,25.9032258064516,0,211
"1490",200102,17.7142857142857,0,178
"1491",200103,61.3225806451613,0,549
"1492",200104,13.4,0,152
"1493",200105,16.6129032258065,0,213
"1494",200106,44.8333333333333,0,417
"1495",200107,16.7096774193548,0,157
"1496",200108,21,0,150
"1497",200109,44.8666666666667,0,483
"1498",200110,5.38709677419355,0,71
"1499",200111,11.5666666666667,0,206
"1500",200112,18.3225806451613,0,165
"1501",200201,15.8064516129032,0,157
"1502",200202,6.42857142857143,0,76
"1503",200203,28.9677419354839,0,208
"1504",200204,28.9333333333333,0,417
"1505",200205,30.2903225806452,0,399
"1506",200206,37.9333333333333,0,429
"1507",200207,8.64516129032258,0,160
"1508",200208,40.2903225806452,0,681
"1509",200209,43.7333333333333,0,414
"1510",200210,59,0,777
"1511",200211,42.9666666666667,0,361
"1512",200212,33.3225806451613,0,330
"1513",200301,18.9032258064516,0,386
"1514",200302,41.25,0,378
"1515",200303,37.4516129032258,0,274
"1516",200304,27.1333333333333,0,168
"1517",200305,27.9032258064516,0,325
"1518",200306,86.9,0,699
"1519",200307,30.8064516129032,0,353
"1520",200308,47.9677419354839,0,503
"1521",200309,51.0333333333333,0,302
"1522",200310,40.1935483870968,0,478
"1523",200311,35.4,0,457
"1524",200312,44.4516129032258,0,404
"1525",200401,17.4838709677419,0,142
"1526",200402,23.4827586206897,0,404
"1527",200403,24.4838709677419,0,173
"1528",200404,34.8333333333333,0,328
"1529",200405,47.1935483870968,0,368
"1530",200406,25.5666666666667,0,251
"1531",200407,62.5161290322581,0,589
"1532",200408,24.7741935483871,0,231
"1533",200409,97.4333333333333,0,975
"1534",200410,9.41935483870968,0,178
"1535",200411,35.7333333333333,0,257
"1536",200412,30.3870967741935,0,297
"1537",200501,38.2903225806452,0,262
"1538",200502,27.6071428571429,0,241
"1539",200503,40.6774193548387,0,757
"1540",200504,40.7333333333333,0,457
"1541",200505,12.1290322580645,0,66
"1542",200506,27.1666666666667,0,150
"1543",200507,29.2258064516129,0,386
"1544",200508,32.4838709677419,0,787
"1545",200509,4.03333333333333,0,43
"1546",200510,137.096774193548,0,1082
"1547",200511,37.8333333333333,0,257
"1548",200512,37.6774193548387,0,401
"1549",200601,40.9032258064516,0,297
"1550",200602,26.1071428571429,0,422
"1551",200603,6.54838709677419,0,132
"1552",200604,47.0666666666667,0,594
"1553",200605,37.9032258064516,0,389
"1554",200606,72.3666666666667,0,709
"1555",200607,50.5161290322581,0,495
"1556",200608,49.8387096774194,0,638
"1557",200609,31.3,0,315
"1558",200610,57.9354838709677,0,564
"1559",200611,62.1333333333333,0,914
"1560",200612,17.5806451612903,0,198
"1561",200701,29.8387096774194,0,386
"1562",200702,18.0357142857143,0,239
"1563",200703,43.9032258064516,0,612
"1564",200704,110.533333333333,0,1923
"1565",200705,15.3870967741935,0,211
"1566",200706,55.5333333333333,0,582
"1567",200707,56.5161290322581,0,587
"1568",200708,58.8387096774194,0,635
"1569",200709,15.3,0,307
"1570",200710,38.1935483870968,0,376
"1571",200711,29.4666666666667,0,318
"1572",200712,42.7741935483871,0,259
"1573",200801,23.4193548387097,0,328
"1574",200802,52.1724137931034,0,493
"1575",200803,33.4516129032258,0,307
"1576",200804,23.4333333333333,0,300
"1577",200805,32.8387096774194,0,323
"1578",200806,39.8,0,511
"1579",200807,23.3225806451613,0,254
"1580",200808,45.741935483871,0,554
"1581",200809,59.6666666666667,0,828
"1582",200810,29.6774193548387,0,488
"1583",200811,30,0,188
"1584",200812,54.258064516129,0,597
"1585",200901,24.4193548387097,0,302
"1586",200902,8.42857142857143,0,89
"1587",200903,14.3548387096774,0,124
"1588",200904,39.7,0,455
"1589",200905,42.3548387096774,0,292
"1590",200906,85.0666666666667,0,584
"1591",200907,58.2258064516129,0,386
"1592",200908,34.6451612903226,0,267
"1593",200909,19.2,0,262
"1594",200910,45.7741935483871,0,460
"1595",200911,13.6666666666667,0,127
"1596",200912,59.5483870967742,0,376
"1597",201001,17.0967741935484,0,318
"1598",201002,60.75,0,508
"1599",201003,87.5806451612903,0,980
"1600",201004,25.3333333333333,0,406
"1601",201005,24.6774193548387,0,328
"1602",201006,18.6666666666667,0,226
"1603",201007,21.2903225806452,0,213
"1604",201008,33.9354838709677,0,429
"1605",201009,31.0666666666667,0,338
"1606",201010,40.258064516129,0,625
"1607",201011,18.2,0,277
"1608",201012,34.7741935483871,0,351
"1609",201101,40.4838709677419,0,328
"1610",201102,31.4642857142857,0,335
"1611",201103,50.741935483871,0,513
"1612",201104,45.3666666666667,0,368
"1613",201105,41.8709677419355,0,554
"1614",201106,27.5666666666667,0,462
"1615",201107,24.8387096774194,0,274
"1616",201108,155.258064516129,0,1476
"1617",201109,79.5333333333333,0,818
"1618",201110,49.9032258064516,0,508
"1619",201111,25.8,0,295
"1620",201112,32.8387096774194,0,427
"1621",201201,26.4838709677419,0,351
"1622",201202,12.0344827586207,0,152
"1623",201203,7.87096774193548,0,66
"1624",201204,30.1666666666667,0,622
"1625",201205,44.0322580645161,0,356
"1626",201206,25.2,0,259
"1627",201207,34.4838709677419,0,447
"1628",201208,23.9032258064516,0,163
"1629",201209,37.2,0,498
"1630",201210,24,0,226
"1631",201211,15.3333333333333,0,284
"1632",201212,39.3548387096774,0,251
"1633",201301,22.6129032258065,0,229
"1634",201302,38.5714285714286,0,396
"1635",201303,23.7096774193548,0,201
"1636",201304,11.1,0,160
"1637",201305,65.5806451612903,0,767
"1638",201306,85.6,0,1057
"1639",201307,23.2903225806452,0,213
"1640",201308,23.3870967741935,0,216
"1641",201309,25,0,406
"1642",201310,2.96774193548387,0,64
"1643",201311,26.7333333333333,0,503
"1644",201312,39.741935483871,0,305
"1645",201401,22.9032258064516,0,127
"1646",201402,49.7142857142857,0,452
"1647",201403,30.0967741935484,0,460
"1648",201404,66.4666666666667,0,1262
"1649",201405,35.8064516129032,0,391
"1650",201406,36.0333333333333,0,406
"1651",201407,45.8064516129032,0,452
"1652",201408,18.4516129032258,0,157
"1653",201409,10.2333333333333,0,94
"1654",201410,47.3225806451613,0,384
"1655",201411,38.2,0,391
"1656",201412,49.4838709677419,0,645
"1657",201501,42.8064516129032,0,533
"1658",201502,18.5357142857143,0,259
"1659",201503,38.741935483871,0,206
"1660",201504,17.6333333333333,0,348
"1661",201505,15.2258064516129,0,371
"1662",201506,40.5666666666667,0,284
"1663",201507,32.5483870967742,0,495
"1664",201508,19.258064516129,0,297
"1665",201509,27.7666666666667,0,401
"1666",201510,32.0645161290323,0,356
"1667",201511,17.0666666666667,0,318
"1668",201512,38.7096774193548,0,394
"1669",201601,36.1612903225806,0,587
"1670",201602,38.6206896551724,0,310
"1671",201603,9.61290322580645,0,97
"1672",201604,13.7,0,119
"1673",201605,30.7741935483871,0,419
"1674",201606,22,0,231
"1675",201607,57.5161290322581,0,277
"1676",201608,16.1935483870968,0,208
"1677",201609,23.6666666666667,0,173
"1678",201610,34,0,358
"1679",201611,45.8333333333333,0,559
"1680",201612,23.6774193548387,0,185
"1681",201701,39.5483870967742,0,300
"1682",201702,22.5357142857143,0,295
"1683",201703,43.0322580645161,0,500
"1684",201704,32.5,0,300
"1685",201705,52.2903225806452,0,767
"1686",201706,40.3666666666667,0,353
"1687",201707,34.3225806451613,0,452
"1688",201708,27.3870967741935,0,224
"1689",201709,16.9666666666667,0,188
"1690",201710,34.2903225806452,0,770
"1691",201711,13.4,0,178
"1692",201712,18.1290322580645,0,191
"1693",201801,17.8709677419355,0,193
"1694",201802,52.8571428571429,0,307
"1695",201803,42.3870967741936,0,472
"1696",201804,48.9,0,716
"1697",201805,28.9354838709677,0,165
"1698",201806,26.3666666666667,0,345
"1699",201807,61.0322580645161,0,569
"1700",201808,70.4516129032258,0,737
"1701",201809,52.3666666666667,0,495
"1702",201810,29.4193548387097,0,323
"1703",201811,64.5666666666667,0,295
"1704",201812,53.3548387096774,0,409
